age_group,shift_frame,threshold,proportion_looking_left,baseline_mean,baseline_std,is_significant,p_value,test_method,baseline_max_frame
seven,132,0.6125386996904024,0.65,0.4625386996904024,0.023230131866630428,False,0.09267927643103469,chi_square,5
eight,20,0.5423396727111898,0.5294117647058824,0.39233967271118975,0.031117095595194457,False,0.24707799079942783,chi_square,5
nine,132,0.5789130434782608,0.65,0.4289130434782608,0.021911155121457266,True,0.04574315561169362,chi_square,5
ten,14,0.5849813258636788,0.6285714285714286,0.43498132586367877,0.03430727627294483,True,0.020876823338711437,chi_square,5
eleven,132,0.6566666666666666,0.6923076923076923,0.5066666666666666,0.027888667551135848,False,0.18063726172720151,chi_square,5
twelve,128,0.7825741858350553,0.8333333333333334,0.6,0.09128709291752767,False,0.24334500914876245,chi_square,5
adult,11,0.29366998577524894,0.5405405405405406,0.14366998577524892,0.04062467872971502,True,5.881184428346842e-12,chi_square,5
