age_group,shift_frame,threshold,proportion_looking_left,baseline_mean,baseline_std,is_significant,p_value,test_method,baseline_max_frame,baseline_group,baseline_shift_frame,frame_difference,percent_difference
seven,15.0,0.27222222222222225,0.5555555555555556,0.12222222222222223,0.006211299937499418,True,7.218906882189291e-05,chi_square,5,adult,15.0,0.0,0.0
eight,14.0,0.37142857142857144,0.6363636363636364,0.22142857142857145,0.0159719141249985,True,0.0009182623775090271,chi_square,5,adult,15.0,-1.0,-6.666666666666667
nine,16.0,0.3761904761904762,0.5333333333333333,0.2261904761904762,0.030491067797299275,True,0.004464060987755536,chi_square,5,adult,15.0,1.0,6.666666666666667
ten,15.0,0.5003655986414607,0.6428571428571429,0.3503655986414607,0.01400561161632443,True,0.001178135308289252,chi_square,5,adult,15.0,0.0,0.0
eleven,17.0,0.5908333333333333,0.6842105263157895,0.4408333333333333,0.0433413454131528,True,0.032620286552099365,chi_square,5,adult,15.0,2.0,13.333333333333334
twelve,,0.7214285714285714,,0.5714285714285714,0.05,False,,none,5,adult,15.0,,
adult,15.0,0.21105006105006102,0.40476190476190477,0.06105006105006104,0.013958719647106375,True,0.0,chi_square,5,adult,15.0,0.0,0.0
