age_group,shift_frame,threshold,proportion_looking_left,baseline_mean,baseline_std,is_significant,p_value,test_method,baseline_max_frame,baseline_group,baseline_shift_frame,frame_difference,percent_difference
seven,143.0,0.5551282051282052,0.6666666666666666,0.40512820512820513,0.055588418945330266,False,0.06496223891925479,chi_square,5,adult,130.0,13.0,10.0
eight,145.0,0.5875652173913044,0.5882352941176471,0.4375652173913044,0.05159973915908338,False,0.21047568518872084,chi_square,5,adult,130.0,15.0,11.538461538461538
nine,144.0,0.5866153846153846,0.631578947368421,0.4366153846153846,0.029279311920003773,False,0.08662484666737713,chi_square,5,adult,130.0,14.0,10.76923076923077
ten,146.0,0.4684710819193578,0.5238095238095238,0.3184710819193578,0.032305052742425844,True,0.043406841714621835,chi_square,5,adult,130.0,16.0,12.307692307692308
eleven,,0.5957933370976849,,0.44579333709768487,0.051208976050908454,False,,none,5,adult,130.0,,
twelve,147.0,0.75,0.8333333333333334,0.6,0.05,False,0.24334500914876245,chi_square,5,adult,130.0,17.0,13.076923076923078
adult,130.0,0.385805704489915,0.4883720930232558,0.23580570448991503,0.07333478357901219,True,9.560157894905608e-05,chi_square,5,adult,130.0,0.0,0.0
