age_group,shift_frame,proportion_looking_left,baseline_mean,baseline_std,is_significant,p_value,test_method,baseline_max_frame
seven,16.0,0.2857142857142857,0.059815546772068504,0.023209485474188624,True,1.269730038788719e-05,chi_square,5
eight,,,0.35890331120594277,0.019739247878271023,False,,none,5
nine,147.0,0.5882352941176471,0.3815266989657234,0.040331200461733795,True,0.013091301881306139,chi_square,5
ten,150.0,0.5348837209302325,0.3096681749622926,0.022272935679219483,True,0.0014024304466599968,chi_square,5
eleven,,,0.2707605007605008,0.03981865782882362,False,,none,5
twelve,,,0.34285714285714286,0.03194382824999701,False,,none,5
adult,17.0,0.35294117647058826,0.11031140823456427,0.0015469207718010396,True,9.303668946358812e-13,chi_square,5
