age_group,shift_frame,proportion_looking_left,baseline_mean,baseline_std,is_significant,p_value,test_method,baseline_max_frame,baseline_group,baseline_shift_frame,frame_difference,percent_difference
seven,14.0,0.4444444444444444,0.23234432234432237,0.026760491866091207,True,0.03311160033545857,chi_square,5,adult,12.0,2.0,16.666666666666664
eight,15.0,0.4782608695652174,0.2867578035999089,0.05684654202445547,True,0.042277015501313464,chi_square,5,adult,12.0,3.0,25.0
nine,14.0,0.7857142857142857,0.42334841628959274,0.06158229001449861,True,0.006067044636195451,chi_square,5,adult,12.0,2.0,16.666666666666664
ten,16.0,0.7272727272727273,0.5085612426788897,0.037394849170512535,True,0.01196509555248193,chi_square,5,adult,12.0,4.0,33.33333333333333
eleven,,,0.2628787878787879,0.0349840905727843,False,,none,5,adult,12.0,,
twelve,139.0,1.0,0.6,0.09128709291752767,True,0.04550026389635853,chi_square,5,adult,12.0,127.0,1058.3333333333335
adult,12.0,0.5384615384615384,0.15199936778884146,0.023066747417756973,True,1.7883250436057097e-11,chi_square,5,adult,12.0,0.0,0.0
